removed; /proj/ogiir-csc/mml/laser/Interaktiivinenluokittelu_2008-2016/2016/P521/1/P5212A4.laz
removed; /proj/ogiir-csc/mml/laser/Interaktiivinenluokittelu_2008-2016/2016/P522/1/P5221B2.laz
removed; /proj/ogiir-csc/mml/laser/Interaktiivinenluokittelu_2008-2016/2016/P444/2/P4441F3.laz
removed; /proj/ogiir-csc/mml/laser/Interaktiivinenluokittelu_2008-2016/2016/P443/1/P4432D1.laz
removed; /proj/ogiir-csc/mml/laser/Interaktiivinenluokittelu_2008-2016/2016/P443/1/P4434G4.laz
removed; /proj/ogiir-csc/mml/laser/Interaktiivinenluokittelu_2008-2016/2009/S424/1/S4241D1.laz
removed; /proj/ogiir-csc/mml/laser/Interaktiivinenluokittelu_2008-2016/2012/T444/2/T4443C4.laz
removed; /proj/ogiir-csc/mml/laser/Interaktiivinenluokittelu_2008-2016/2009/U411/1/U4113E4.laz
removed; /proj/ogiir-csc/mml/laser/Interaktiivinenluokittelu_2008-2016/2016/P443/1/P4434A3.laz
removed; /proj/ogiir-csc/mml/laser/Interaktiivinenluokittelu_2008-2016/2009/S423/1/S4232C3.laz
removed; /proj/ogiir-csc/mml/laser/Interaktiivinenluokittelu_2008-2016/2016/P443/1/P4434C3.laz
removed; /proj/ogiir-csc/mml/laser/Interaktiivinenluokittelu_2008-2016/2009/T411/1/T4114F4.laz
removed; /proj/ogiir-csc/mml/laser/Interaktiivinenluokittelu_2008-2016/2016/P443/1/P4432B2.laz
removed; /proj/ogiir-csc/mml/laser/Interaktiivinenluokittelu_2008-2016/2016/P521/1/P5211B2.laz
removed; /proj/ogiir-csc/mml/laser/Interaktiivinenluokittelu_2008-2016/2016/P443/1/P4432G1.laz
removed; /proj/ogiir-csc/mml/laser/Interaktiivinenluokittelu_2008-2016/2016/P443/1/P4432E2.laz
removed; /proj/ogiir-csc/mml/laser/Interaktiivinenluokittelu_2008-2016/2012/T444/2/T4444C1.laz
removed; /proj/ogiir-csc/mml/laser/Interaktiivinenluokittelu_2008-2016/2012/T444/2/T4444A3.laz
removed; /proj/ogiir-csc/mml/laser/Interaktiivinenluokittelu_2008-2016/2012/T444/2/T4443A3.laz
removed; /proj/ogiir-csc/mml/laser/Interaktiivinenluokittelu_2008-2016/2012/T444/2/T4444E1.laz
removed; /proj/ogiir-csc/mml/laser/Interaktiivinenluokittelu_2008-2016/2016/P444/1/P4441B2.laz
removed; /proj/ogiir-csc/mml/laser/Interaktiivinenluokittelu_2008-2016/2016/P444/1/P4444A1.laz
removed; /proj/ogiir-csc/mml/laser/Interaktiivinenluokittelu_2008-2016/2009/U411/1/U4114F1.laz
removed; /proj/ogiir-csc/mml/laser/Interaktiivinenluokittelu_2008-2016/2016/P444/1/P4443G2.laz
removed; /proj/ogiir-csc/mml/laser/Interaktiivinenluokittelu_2008-2016/2012/T444/2/T4444E3.laz
removed; /proj/ogiir-csc/mml/laser/Interaktiivinenluokittelu_2008-2016/2009/T424/1/T4241B1.laz
removed; /proj/ogiir-csc/mml/laser/Interaktiivinenluokittelu_2008-2016/2016/P444/1/P4441C4.laz
removed; /proj/ogiir-csc/mml/laser/Interaktiivinenluokittelu_2008-2016/2009/U411/1/U4113G1.laz
removed; /proj/ogiir-csc/mml/laser/Interaktiivinenluokittelu_2008-2016/2009/T412/1/T4123F1.laz
removed; /proj/ogiir-csc/mml/laser/Interaktiivinenluokittelu_2008-2016/2016/P443/1/P4432F4.laz
removed; /proj/ogiir-csc/mml/laser/Interaktiivinenluokittelu_2008-2016/2009/S424/1/S4241A4.laz
removed; /proj/ogiir-csc/mml/laser/Interaktiivinenluokittelu_2008-2016/2016/P443/1/P4434C2.laz
removed; /proj/ogiir-csc/mml/laser/Interaktiivinenluokittelu_2008-2016/2009/S424/1/S4241B3.laz
removed; /proj/ogiir-csc/mml/laser/Interaktiivinenluokittelu_2008-2016/2009/U411/1/U4113F2.laz
removed; /proj/ogiir-csc/mml/laser/Interaktiivinenluokittelu_2008-2016/2016/P522/1/P5221A1.laz
removed; /proj/ogiir-csc/mml/laser/Interaktiivinenluokittelu_2008-2016/2012/T444/2/T4443B1.laz
removed; /proj/ogiir-csc/mml/laser/Interaktiivinenluokittelu_2008-2016/2016/P444/1/P4443G3.laz
removed; /proj/ogiir-csc/mml/laser/Interaktiivinenluokittelu_2008-2016/2009/T424/1/T4241A4.laz
removed; /proj/ogiir-csc/mml/laser/Interaktiivinenluokittelu_2008-2016/2009/U411/1/U4113G4.laz
removed; /proj/ogiir-csc/mml/laser/Interaktiivinenluokittelu_2008-2016/2009/T411/1/T4113F3.laz
removed; /proj/ogiir-csc/mml/laser/Interaktiivinenluokittelu_2008-2016/2009/T424/1/T4241A3.laz
removed; /proj/ogiir-csc/mml/laser/Interaktiivinenluokittelu_2008-2016/2009/T424/1/T4242B1.laz
removed; /proj/ogiir-csc/mml/laser/Interaktiivinenluokittelu_2008-2016/2016/P444/1/P4443D1.laz
removed; /proj/ogiir-csc/mml/laser/Interaktiivinenluokittelu_2008-2016/2016/P444/1/P4441D3.laz
removed; /proj/ogiir-csc/mml/laser/Interaktiivinenluokittelu_2008-2016/2009/S423/1/S4231D4.laz
removed; /proj/ogiir-csc/mml/laser/Interaktiivinenluokittelu_2008-2016/2016/P521/1/P5211A2.laz
removed; /proj/ogiir-csc/mml/laser/Interaktiivinenluokittelu_2008-2016/2009/T423/1/T4231A1.laz
removed; /proj/ogiir-csc/mml/laser/Interaktiivinenluokittelu_2008-2016/2009/T411/1/T4114F2.laz
removed; /proj/ogiir-csc/mml/laser/Interaktiivinenluokittelu_2008-2016/2012/T444/2/T4444A2.laz
removed; /proj/ogiir-csc/mml/laser/Interaktiivinenluokittelu_2008-2016/2016/P444/1/P4443C3.laz
removed; /proj/ogiir-csc/mml/laser/Interaktiivinenluokittelu_2008-2016/2016/P522/1/P5222B3.laz
removed; /proj/ogiir-csc/mml/laser/Interaktiivinenluokittelu_2008-2016/2016/P443/1/P4432B4.laz
removed; /proj/ogiir-csc/mml/laser/Interaktiivinenluokittelu_2008-2016/2016/P443/1/P4434H3.laz
removed; /proj/ogiir-csc/mml/laser/Interaktiivinenluokittelu_2008-2016/2016/P444/1/P4443H4.laz
removed; /proj/ogiir-csc/mml/laser/Interaktiivinenluokittelu_2008-2016/2016/P443/1/P4432A3.laz
removed; /proj/ogiir-csc/mml/laser/Interaktiivinenluokittelu_2008-2016/2012/T444/2/T4443D3.laz
removed; /proj/ogiir-csc/mml/laser/Interaktiivinenluokittelu_2008-2016/2016/P521/1/P5211A1.laz
removed; /proj/ogiir-csc/mml/laser/Interaktiivinenluokittelu_2008-2016/2016/P443/1/P4432F2.laz
removed; /proj/ogiir-csc/mml/laser/Interaktiivinenluokittelu_2008-2016/2016/P522/1/P5222A3.laz
removed; /proj/ogiir-csc/mml/laser/Interaktiivinenluokittelu_2008-2016/2009/T424/1/T4241A2.laz
removed; /proj/ogiir-csc/mml/laser/Interaktiivinenluokittelu_2008-2016/2009/S423/1/S4231D3.laz
removed; /proj/ogiir-csc/mml/laser/Interaktiivinenluokittelu_2008-2016/2009/U411/1/U4114G1.laz
removed; /proj/ogiir-csc/mml/laser/Interaktiivinenluokittelu_2008-2016/2016/P444/2/P4441E4.laz
removed; /proj/ogiir-csc/mml/laser/Interaktiivinenluokittelu_2008-2016/2016/P443/1/P4434C4.laz
removed; /proj/ogiir-csc/mml/laser/Interaktiivinenluokittelu_2008-2016/2016/P443/1/P4434G1.laz
removed; /proj/ogiir-csc/mml/laser/Interaktiivinenluokittelu_2008-2016/2012/T444/2/T4443H1.laz
removed; /proj/ogiir-csc/mml/laser/Interaktiivinenluokittelu_2008-2016/2012/T444/2/T4444E4.laz
removed; /proj/ogiir-csc/mml/laser/Interaktiivinenluokittelu_2008-2016/2009/T423/1/T4231B2.laz
removed; /proj/ogiir-csc/mml/laser/Interaktiivinenluokittelu_2008-2016/2009/U412/1/U4123E1.laz
removed; /proj/ogiir-csc/mml/laser/Interaktiivinenluokittelu_2008-2016/2012/T444/2/T4443C1.laz
removed; /proj/ogiir-csc/mml/laser/Interaktiivinenluokittelu_2008-2016/2016/P444/1/P4441G4.laz
removed; /proj/ogiir-csc/mml/laser/Interaktiivinenluokittelu_2008-2016/2009/U411/1/U4113F3.laz
removed; /proj/ogiir-csc/mml/laser/Interaktiivinenluokittelu_2008-2016/2016/P521/1/P5211A4.laz
removed; /proj/ogiir-csc/mml/laser/Interaktiivinenluokittelu_2008-2016/2009/S422/1/S4224H2.laz
removed; /proj/ogiir-csc/mml/laser/Interaktiivinenluokittelu_2008-2016/2012/T444/2/T4444G2.laz
removed; /proj/ogiir-csc/mml/laser/Interaktiivinenluokittelu_2008-2016/2016/P443/1/P4434F3.laz
removed; /proj/ogiir-csc/mml/laser/Interaktiivinenluokittelu_2008-2016/2016/P443/1/P4434A4.laz
removed; /proj/ogiir-csc/mml/laser/Interaktiivinenluokittelu_2008-2016/2009/S424/1/S4242A3.laz
removed; /proj/ogiir-csc/mml/laser/Interaktiivinenluokittelu_2008-2016/2016/P443/1/P4432F3.laz
removed; /proj/ogiir-csc/mml/laser/Interaktiivinenluokittelu_2008-2016/2016/P443/1/P4434H2.laz
removed; /proj/ogiir-csc/mml/laser/Interaktiivinenluokittelu_2008-2016/2009/T423/1/T4232B2.laz
removed; /proj/ogiir-csc/mml/laser/Interaktiivinenluokittelu_2008-2016/2009/U411/1/U4114E3.laz
removed; /proj/ogiir-csc/mml/laser/Interaktiivinenluokittelu_2008-2016/2009/S424/1/S4241B2.laz
removed; /proj/ogiir-csc/mml/laser/Interaktiivinenluokittelu_2008-2016/2016/P444/1/P4443A2.laz
removed; /proj/ogiir-csc/mml/laser/Interaktiivinenluokittelu_2008-2016/2009/T412/1/T4123E3.laz
removed; /proj/ogiir-csc/mml/laser/Interaktiivinenluokittelu_2008-2016/2016/P443/1/P4434B4.laz
removed; /proj/ogiir-csc/mml/laser/Interaktiivinenluokittelu_2008-2016/2016/P522/1/P5221B1.laz
removed; /proj/ogiir-csc/mml/laser/Interaktiivinenluokittelu_2008-2016/2016/P521/1/P5212B3.laz
removed; /proj/ogiir-csc/mml/laser/Interaktiivinenluokittelu_2008-2016/2016/P443/1/P4432C3.laz
removed; /proj/ogiir-csc/mml/laser/Interaktiivinenluokittelu_2008-2016/2012/T444/2/T4444A1.laz
removed; /proj/ogiir-csc/mml/laser/Interaktiivinenluokittelu_2008-2016/2016/P443/1/P4432B3.laz
removed; /proj/ogiir-csc/mml/laser/Interaktiivinenluokittelu_2008-2016/2016/P443/1/P4434H1.laz
removed; /proj/ogiir-csc/mml/laser/Interaktiivinenluokittelu_2008-2016/2016/P443/1/P4434E2.laz
removed; /proj/ogiir-csc/mml/laser/Interaktiivinenluokittelu_2008-2016/2009/T424/1/T4242B2.laz
removed; /proj/ogiir-csc/mml/laser/Interaktiivinenluokittelu_2008-2016/2016/P443/1/P4432G3.laz
removed; /proj/ogiir-csc/mml/laser/Interaktiivinenluokittelu_2008-2016/2016/P443/1/P4432D2.laz
removed; /proj/ogiir-csc/mml/laser/Interaktiivinenluokittelu_2008-2016/2009/S422/1/S4224H4.laz
removed; /proj/ogiir-csc/mml/laser/Interaktiivinenluokittelu_2008-2016/2009/T424/1/T4242A4.laz
removed; /proj/ogiir-csc/mml/laser/Interaktiivinenluokittelu_2008-2016/2016/P444/1/P4444E3.laz
removed; /proj/ogiir-csc/mml/laser/Interaktiivinenluokittelu_2008-2016/2009/T412/1/T4123F4.laz
removed; /proj/ogiir-csc/mml/laser/Interaktiivinenluokittelu_2008-2016/2016/P443/1/P4432H2.laz
removed; /proj/ogiir-csc/mml/laser/Interaktiivinenluokittelu_2008-2016/2016/P443/1/P4432E4.laz
removed; /proj/ogiir-csc/mml/laser/Interaktiivinenluokittelu_2008-2016/2016/P444/1/P4441C3.laz
removed; /proj/ogiir-csc/mml/laser/Interaktiivinenluokittelu_2008-2016/2009/T411/1/T4114E1.laz
removed; /proj/ogiir-csc/mml/laser/Interaktiivinenluokittelu_2008-2016/2012/T444/2/T4443B2.laz
removed; /proj/ogiir-csc/mml/laser/Interaktiivinenluokittelu_2008-2016/2009/T424/1/T4242A2.laz
removed; /proj/ogiir-csc/mml/laser/Interaktiivinenluokittelu_2008-2016/2009/T411/1/T4113G1.laz
removed; /proj/ogiir-csc/mml/laser/Interaktiivinenluokittelu_2008-2016/2009/T411/1/T4113G3.laz
removed; /proj/ogiir-csc/mml/laser/Interaktiivinenluokittelu_2008-2016/2016/P444/1/P4443G4.laz
removed; /proj/ogiir-csc/mml/laser/Interaktiivinenluokittelu_2008-2016/2016/P444/2/P4441H1.laz
removed; /proj/ogiir-csc/mml/laser/Interaktiivinenluokittelu_2008-2016/2009/T412/1/T4124H1.laz
removed; /proj/ogiir-csc/mml/laser/Interaktiivinenluokittelu_2008-2016/2016/P444/1/P4443D4.laz
removed; /proj/ogiir-csc/mml/laser/Interaktiivinenluokittelu_2008-2016/2012/T444/2/T4443F3.laz
removed; /proj/ogiir-csc/mml/laser/Interaktiivinenluokittelu_2008-2016/2009/T424/1/T4241B3.laz
removed; /proj/ogiir-csc/mml/laser/Interaktiivinenluokittelu_2008-2016/2016/P521/1/P5211B1.laz
removed; /proj/ogiir-csc/mml/laser/Interaktiivinenluokittelu_2008-2016/2009/U411/1/U4113F4.laz
removed; /proj/ogiir-csc/mml/laser/Interaktiivinenluokittelu_2008-2016/2009/U411/1/U4113G2.laz
removed; /proj/ogiir-csc/mml/laser/Interaktiivinenluokittelu_2008-2016/2016/P443/1/P4434A1.laz
removed; /proj/ogiir-csc/mml/laser/Interaktiivinenluokittelu_2008-2016/2012/T444/2/T4444E2.laz
removed; /proj/ogiir-csc/mml/laser/Interaktiivinenluokittelu_2008-2016/2016/P444/1/P4443D2.laz
removed; /proj/ogiir-csc/mml/laser/Interaktiivinenluokittelu_2008-2016/2013/N424/1/N4244A3.laz
removed; /proj/ogiir-csc/mml/laser/Interaktiivinenluokittelu_2008-2016/2009/S424/1/S4241B4.laz
removed; /proj/ogiir-csc/mml/laser/Interaktiivinenluokittelu_2008-2016/2016/P444/1/P4441G3.laz
removed; /proj/ogiir-csc/mml/laser/Interaktiivinenluokittelu_2008-2016/2016/P443/1/P4432C4.laz
removed; /proj/ogiir-csc/mml/laser/Interaktiivinenluokittelu_2008-2016/2016/P443/1/P4434E3.laz
removed; /proj/ogiir-csc/mml/laser/Interaktiivinenluokittelu_2008-2016/2009/T412/1/T4124F2.laz
removed; /proj/ogiir-csc/mml/laser/Interaktiivinenluokittelu_2008-2016/2016/P444/1/P4441D4.laz
removed; /proj/ogiir-csc/mml/laser/Interaktiivinenluokittelu_2008-2016/2016/P443/1/P4432A2.laz
removed; /proj/ogiir-csc/mml/laser/Interaktiivinenluokittelu_2008-2016/2012/T444/2/T4443E1.laz
removed; /proj/ogiir-csc/mml/laser/Interaktiivinenluokittelu_2008-2016/2016/P444/1/P4443E4.laz
removed; /proj/ogiir-csc/mml/laser/Interaktiivinenluokittelu_2008-2016/2016/P444/1/P4444A3.laz
removed; /proj/ogiir-csc/mml/laser/Interaktiivinenluokittelu_2008-2016/2012/T444/2/T4443F1.laz
removed; /proj/ogiir-csc/mml/laser/Interaktiivinenluokittelu_2008-2016/2016/P443/1/P4432A4.laz
removed; /proj/ogiir-csc/mml/laser/Interaktiivinenluokittelu_2008-2016/2016/P522/1/P5222A4.laz
removed; /proj/ogiir-csc/mml/laser/Interaktiivinenluokittelu_2008-2016/2016/P444/1/P4441C2.laz
removed; /proj/ogiir-csc/mml/laser/Interaktiivinenluokittelu_2008-2016/2009/S423/1/S4232C4.laz
removed; /proj/ogiir-csc/mml/laser/Interaktiivinenluokittelu_2008-2016/2009/S422/1/S4224H3.laz
removed; /proj/ogiir-csc/mml/laser/Interaktiivinenluokittelu_2008-2016/2009/U411/1/U4114E4.laz
removed; /proj/ogiir-csc/mml/laser/Interaktiivinenluokittelu_2008-2016/2016/P443/1/P4434E4.laz
removed; /proj/ogiir-csc/mml/laser/Interaktiivinenluokittelu_2008-2016/2009/T424/1/T4242A3.laz
removed; /proj/ogiir-csc/mml/laser/Interaktiivinenluokittelu_2008-2016/2012/T444/2/T4444A4.laz
removed; /proj/ogiir-csc/mml/laser/Interaktiivinenluokittelu_2008-2016/2009/T412/1/T4123E2.laz
removed; /proj/ogiir-csc/mml/laser/Interaktiivinenluokittelu_2008-2016/2016/P444/1/P4441A1.laz
removed; /proj/ogiir-csc/mml/laser/Interaktiivinenluokittelu_2008-2016/2009/U411/1/U4114F4.laz
removed; /proj/ogiir-csc/mml/laser/Interaktiivinenluokittelu_2008-2016/2016/P444/2/P4441E2.laz
removed; /proj/ogiir-csc/mml/laser/Interaktiivinenluokittelu_2008-2016/2012/T444/2/T4443H2.laz
removed; /proj/ogiir-csc/mml/laser/Interaktiivinenluokittelu_2008-2016/2016/P444/1/P4443F3.laz
removed; /proj/ogiir-csc/mml/laser/Interaktiivinenluokittelu_2008-2016/2016/P444/1/P4441E1.laz
removed; /proj/ogiir-csc/mml/laser/Interaktiivinenluokittelu_2008-2016/2016/P444/1/P4441H3.laz
removed; /proj/ogiir-csc/mml/laser/Interaktiivinenluokittelu_2008-2016/2016/P444/1/P4443D3.laz
removed; /proj/ogiir-csc/mml/laser/Interaktiivinenluokittelu_2008-2016/2009/U411/1/U4113G3.laz
removed; /proj/ogiir-csc/mml/laser/Interaktiivinenluokittelu_2008-2016/2016/P443/1/P4434D1.laz
removed; /proj/ogiir-csc/mml/laser/Interaktiivinenluokittelu_2008-2016/2016/P443/1/P4434H4.laz
removed; /proj/ogiir-csc/mml/laser/Interaktiivinenluokittelu_2008-2016/2016/P443/1/P4432E1.laz
removed; /proj/ogiir-csc/mml/laser/Interaktiivinenluokittelu_2008-2016/2009/S424/1/S4242A2.laz
removed; /proj/ogiir-csc/mml/laser/Interaktiivinenluokittelu_2008-2016/2009/T412/1/T4124F4.laz
removed; /proj/ogiir-csc/mml/laser/Interaktiivinenluokittelu_2008-2016/2009/S423/1/S4231D1.laz
removed; /proj/ogiir-csc/mml/laser/Interaktiivinenluokittelu_2008-2016/2009/T412/1/T4123F3.laz
removed; /proj/ogiir-csc/mml/laser/Interaktiivinenluokittelu_2008-2016/2016/P443/1/P4434B2.laz
removed; /proj/ogiir-csc/mml/laser/Interaktiivinenluokittelu_2008-2016/2016/P444/1/P4443F1.laz
removed; /proj/ogiir-csc/mml/laser/Interaktiivinenluokittelu_2008-2016/2012/T444/2/T4443B4.laz
removed; /proj/ogiir-csc/mml/laser/Interaktiivinenluokittelu_2008-2016/2016/P444/1/P4441D2.laz
removed; /proj/ogiir-csc/mml/laser/Interaktiivinenluokittelu_2008-2016/2016/P443/1/P4432D3.laz
removed; /proj/ogiir-csc/mml/laser/Interaktiivinenluokittelu_2008-2016/2016/P443/1/P4432D4.laz
removed; /proj/ogiir-csc/mml/laser/Interaktiivinenluokittelu_2008-2016/2012/T444/2/T4444D2.laz
removed; /proj/ogiir-csc/mml/laser/Interaktiivinenluokittelu_2008-2016/2009/S422/1/S4224H1.laz
removed; /proj/ogiir-csc/mml/laser/Interaktiivinenluokittelu_2008-2016/2016/P444/1/P4444E2.laz
removed; /proj/ogiir-csc/mml/laser/Interaktiivinenluokittelu_2008-2016/2012/T444/2/T4443G1.laz
removed; /proj/ogiir-csc/mml/laser/Interaktiivinenluokittelu_2008-2016/2016/P444/1/P4444C1.laz
removed; /proj/ogiir-csc/mml/laser/Interaktiivinenluokittelu_2008-2016/2009/T423/1/T4232A2.laz
removed; /proj/ogiir-csc/mml/laser/Interaktiivinenluokittelu_2008-2016/2016/P443/1/P4432H4.laz
removed; /proj/ogiir-csc/mml/laser/Interaktiivinenluokittelu_2008-2016/2016/P522/1/P5222A2.laz
removed; /proj/ogiir-csc/mml/laser/Interaktiivinenluokittelu_2008-2016/2009/S424/1/S4242B1.laz
removed; /proj/ogiir-csc/mml/laser/Interaktiivinenluokittelu_2008-2016/2012/T444/2/T4443B3.laz
removed; /proj/ogiir-csc/mml/laser/Interaktiivinenluokittelu_2008-2016/2013/N424/1/N4244B3.laz
removed; /proj/ogiir-csc/mml/laser/Interaktiivinenluokittelu_2008-2016/2009/S423/1/S4232C1.laz
removed; /proj/ogiir-csc/mml/laser/Interaktiivinenluokittelu_2008-2016/2009/T412/1/T4124F1.laz
removed; /proj/ogiir-csc/mml/laser/Interaktiivinenluokittelu_2008-2016/2016/P443/1/P4434B3.laz
removed; /proj/ogiir-csc/mml/laser/Interaktiivinenluokittelu_2008-2016/2009/T423/1/T4232B4.laz
removed; /proj/ogiir-csc/mml/laser/Interaktiivinenluokittelu_2008-2016/2016/P444/1/P4443H2.laz
removed; /proj/ogiir-csc/mml/laser/Interaktiivinenluokittelu_2008-2016/2009/U412/1/U4123E2.laz
removed; /proj/ogiir-csc/mml/laser/Interaktiivinenluokittelu_2008-2016/2016/P444/1/P4443F2.laz
removed; /proj/ogiir-csc/mml/laser/Interaktiivinenluokittelu_2008-2016/2009/T411/1/T4113G2.laz
removed; /proj/ogiir-csc/mml/laser/Interaktiivinenluokittelu_2008-2016/2016/P444/1/P4441H4.laz
removed; /proj/ogiir-csc/mml/laser/Interaktiivinenluokittelu_2008-2016/2016/P443/1/P4434E1.laz
removed; /proj/ogiir-csc/mml/laser/Interaktiivinenluokittelu_2008-2016/2016/P521/1/P5212A3.laz
removed; /proj/ogiir-csc/mml/laser/Interaktiivinenluokittelu_2008-2016/2009/T412/1/T4123E4.laz
removed; /proj/ogiir-csc/mml/laser/Interaktiivinenluokittelu_2008-2016/2009/T423/1/T4232B3.laz
removed; /proj/ogiir-csc/mml/laser/Interaktiivinenluokittelu_2008-2016/2012/T444/2/T4444C3.laz
removed; /proj/ogiir-csc/mml/laser/Interaktiivinenluokittelu_2008-2016/2009/T423/1/T4231B1.laz
removed; /proj/ogiir-csc/mml/laser/Interaktiivinenluokittelu_2008-2016/2009/S424/1/S4241C1.laz
removed; /proj/ogiir-csc/mml/laser/Interaktiivinenluokittelu_2008-2016/2016/P444/1/P4441B1.laz
removed; /proj/ogiir-csc/mml/laser/Interaktiivinenluokittelu_2008-2016/2016/P444/1/P4443A3.laz
removed; /proj/ogiir-csc/mml/laser/Interaktiivinenluokittelu_2008-2016/2016/P444/1/P4443B4.laz
removed; /proj/ogiir-csc/mml/laser/Interaktiivinenluokittelu_2008-2016/2013/N424/1/N4244A4.laz
removed; /proj/ogiir-csc/mml/laser/Interaktiivinenluokittelu_2008-2016/2009/S424/1/S4241A1.laz
removed; /proj/ogiir-csc/mml/laser/Interaktiivinenluokittelu_2008-2016/2012/T444/2/T4444D3.laz
removed; /proj/ogiir-csc/mml/laser/Interaktiivinenluokittelu_2008-2016/2016/P444/2/P4441F1.laz
removed; /proj/ogiir-csc/mml/laser/Interaktiivinenluokittelu_2008-2016/2016/P444/1/P4444A2.laz
removed; /proj/ogiir-csc/mml/laser/Interaktiivinenluokittelu_2008-2016/2009/S423/1/S4232D2.laz
removed; /proj/ogiir-csc/mml/laser/Interaktiivinenluokittelu_2008-2016/2012/T444/2/T4443A2.laz
removed; /proj/ogiir-csc/mml/laser/Interaktiivinenluokittelu_2008-2016/2016/P443/1/P4432C2.laz
removed; /proj/ogiir-csc/mml/laser/Interaktiivinenluokittelu_2008-2016/2009/U411/1/U4113E2.laz
removed; /proj/ogiir-csc/mml/laser/Interaktiivinenluokittelu_2008-2016/2012/T444/2/T4444D4.laz
removed; /proj/ogiir-csc/mml/laser/Interaktiivinenluokittelu_2008-2016/2016/P521/1/P5212A2.laz
removed; /proj/ogiir-csc/mml/laser/Interaktiivinenluokittelu_2008-2016/2016/P522/1/P5221A2.laz
removed; /proj/ogiir-csc/mml/laser/Interaktiivinenluokittelu_2008-2016/2012/T444/2/T4443D2.laz
removed; /proj/ogiir-csc/mml/laser/Interaktiivinenluokittelu_2008-2016/2009/T423/1/T4232A4.laz
removed; /proj/ogiir-csc/mml/laser/Interaktiivinenluokittelu_2008-2016/2012/T444/2/T4443F2.laz
removed; /proj/ogiir-csc/mml/laser/Interaktiivinenluokittelu_2008-2016/2016/P444/1/P4443E2.laz
removed; /proj/ogiir-csc/mml/laser/Interaktiivinenluokittelu_2008-2016/2016/P444/1/P4443H3.laz
removed; /proj/ogiir-csc/mml/laser/Interaktiivinenluokittelu_2008-2016/2016/P443/1/P4432G2.laz
removed; /proj/ogiir-csc/mml/laser/Interaktiivinenluokittelu_2008-2016/2009/T423/1/T4231A2.laz
removed; /proj/ogiir-csc/mml/laser/Interaktiivinenluokittelu_2008-2016/2009/S423/1/S4232D3.laz
removed; /proj/ogiir-csc/mml/laser/Interaktiivinenluokittelu_2008-2016/2016/P444/1/P4444G1.laz
removed; /proj/ogiir-csc/mml/laser/Interaktiivinenluokittelu_2008-2016/2016/P444/1/P4443C1.laz
removed; /proj/ogiir-csc/mml/laser/Interaktiivinenluokittelu_2008-2016/2016/P443/1/P4434F1.laz
removed; /proj/ogiir-csc/mml/laser/Interaktiivinenluokittelu_2008-2016/2009/T412/1/T4123E1.laz
removed; /proj/ogiir-csc/mml/laser/Interaktiivinenluokittelu_2008-2016/2016/P443/1/P4432G4.laz
removed; /proj/ogiir-csc/mml/laser/Interaktiivinenluokittelu_2008-2016/2016/P443/1/P4432A1.laz
removed; /proj/ogiir-csc/mml/laser/Interaktiivinenluokittelu_2008-2016/2013/N424/1/N4244A1.laz
removed; /proj/ogiir-csc/mml/laser/Interaktiivinenluokittelu_2008-2016/2009/U411/1/U4114F2.laz
removed; /proj/ogiir-csc/mml/laser/Interaktiivinenluokittelu_2008-2016/2009/U411/1/U4113H2.laz
removed; /proj/ogiir-csc/mml/laser/Interaktiivinenluokittelu_2008-2016/2016/P521/1/P5212B1.laz
removed; /proj/ogiir-csc/mml/laser/Interaktiivinenluokittelu_2008-2016/2016/P444/1/P4443E3.laz
removed; /proj/ogiir-csc/mml/laser/Interaktiivinenluokittelu_2008-2016/2016/P443/1/P4432H3.laz
removed; /proj/ogiir-csc/mml/laser/Interaktiivinenluokittelu_2008-2016/2016/P443/1/P4434D2.laz
removed; /proj/ogiir-csc/mml/laser/Interaktiivinenluokittelu_2008-2016/2009/T411/1/T4113F1.laz
removed; /proj/ogiir-csc/mml/laser/Interaktiivinenluokittelu_2008-2016/2009/T412/1/T4123F2.laz
removed; /proj/ogiir-csc/mml/laser/Interaktiivinenluokittelu_2008-2016/2009/T424/1/T4241D1.laz
removed; /proj/ogiir-csc/mml/laser/Interaktiivinenluokittelu_2008-2016/2016/P444/1/P4444C3.laz
removed; /proj/ogiir-csc/mml/laser/Interaktiivinenluokittelu_2008-2016/2009/S424/1/S4241A2.laz
removed; /proj/ogiir-csc/mml/laser/Interaktiivinenluokittelu_2008-2016/2012/T444/2/T4444C2.laz
removed; /proj/ogiir-csc/mml/laser/Interaktiivinenluokittelu_2008-2016/2016/P444/2/P4441H2.laz
removed; /proj/ogiir-csc/mml/laser/Interaktiivinenluokittelu_2008-2016/2016/P444/1/P4444A4.laz
removed; /proj/ogiir-csc/mml/laser/Interaktiivinenluokittelu_2008-2016/2012/T444/2/T4444F3.laz
removed; /proj/ogiir-csc/mml/laser/Interaktiivinenluokittelu_2008-2016/2016/P444/1/P4441D1.laz
removed; /proj/ogiir-csc/mml/laser/Interaktiivinenluokittelu_2008-2016/2009/T412/1/T4124F3.laz
removed; /proj/ogiir-csc/mml/laser/Interaktiivinenluokittelu_2008-2016/2009/U411/1/U4114F3.laz
removed; /proj/ogiir-csc/mml/laser/Interaktiivinenluokittelu_2008-2016/2012/T444/2/T4443A4.laz
removed; /proj/ogiir-csc/mml/laser/Interaktiivinenluokittelu_2008-2016/2016/P522/1/P5222B1.laz
removed; /proj/ogiir-csc/mml/laser/Interaktiivinenluokittelu_2008-2016/2016/P522/1/P5221B3.laz
removed; /proj/ogiir-csc/mml/laser/Interaktiivinenluokittelu_2008-2016/2009/T411/1/T4113F4.laz
removed; /proj/ogiir-csc/mml/laser/Interaktiivinenluokittelu_2008-2016/2012/T444/2/T4443G3.laz
removed; /proj/ogiir-csc/mml/laser/Interaktiivinenluokittelu_2008-2016/2016/P521/1/P5211A3.laz
removed; /proj/ogiir-csc/mml/laser/Interaktiivinenluokittelu_2008-2016/2012/T444/2/T4443E3.laz
removed; /proj/ogiir-csc/mml/laser/Interaktiivinenluokittelu_2008-2016/2009/T424/1/T4241D2.laz
removed; /proj/ogiir-csc/mml/laser/Interaktiivinenluokittelu_2008-2016/2016/P444/1/P4444E4.laz
removed; /proj/ogiir-csc/mml/laser/Interaktiivinenluokittelu_2008-2016/2016/P444/1/P4443G1.laz
removed; /proj/ogiir-csc/mml/laser/Interaktiivinenluokittelu_2008-2016/2009/T412/1/T4124E2.laz
removed; /proj/ogiir-csc/mml/laser/Interaktiivinenluokittelu_2008-2016/2016/P443/1/P4432E3.laz
removed; /proj/ogiir-csc/mml/laser/Interaktiivinenluokittelu_2008-2016/2012/T444/2/T4444B3.laz
removed; /proj/ogiir-csc/mml/laser/Interaktiivinenluokittelu_2008-2016/2009/U411/1/U4113E1.laz
removed; /proj/ogiir-csc/mml/laser/Interaktiivinenluokittelu_2008-2016/2016/P444/1/P4443B3.laz
removed; /proj/ogiir-csc/mml/laser/Interaktiivinenluokittelu_2008-2016/2012/T444/2/T4444D1.laz
removed; /proj/ogiir-csc/mml/laser/Interaktiivinenluokittelu_2008-2016/2016/P444/1/P4441B3.laz
removed; /proj/ogiir-csc/mml/laser/Interaktiivinenluokittelu_2008-2016/2009/S423/1/S4231C1.laz
removed; /proj/ogiir-csc/mml/laser/Interaktiivinenluokittelu_2008-2016/2009/T423/1/T4232A3.laz
removed; /proj/ogiir-csc/mml/laser/Interaktiivinenluokittelu_2008-2016/2009/T423/1/T4232A1.laz
removed; /proj/ogiir-csc/mml/laser/Interaktiivinenluokittelu_2008-2016/2012/T444/2/T4443E2.laz
removed; /proj/ogiir-csc/mml/laser/Interaktiivinenluokittelu_2008-2016/2013/N424/1/N4244B4.laz
removed; /proj/ogiir-csc/mml/laser/Interaktiivinenluokittelu_2008-2016/2016/P522/1/P5222A1.laz
removed; /proj/ogiir-csc/mml/laser/Interaktiivinenluokittelu_2008-2016/2012/T444/2/T4444B4.laz
removed; /proj/ogiir-csc/mml/laser/Interaktiivinenluokittelu_2008-2016/2009/S424/1/S4241B1.laz
removed; /proj/ogiir-csc/mml/laser/Interaktiivinenluokittelu_2008-2016/2009/U412/1/U4123E3.laz
removed; /proj/ogiir-csc/mml/laser/Interaktiivinenluokittelu_2008-2016/2009/U411/1/U4113H1.laz
removed; /proj/ogiir-csc/mml/laser/Interaktiivinenluokittelu_2008-2016/2009/T411/1/T4114F1.laz
removed; /proj/ogiir-csc/mml/laser/Interaktiivinenluokittelu_2008-2016/2016/P443/1/P4432B1.laz
removed; /proj/ogiir-csc/mml/laser/Interaktiivinenluokittelu_2008-2016/2009/U411/1/U4114E1.laz
removed; /proj/ogiir-csc/mml/laser/Interaktiivinenluokittelu_2008-2016/2016/P444/1/P4443B2.laz
removed; /proj/ogiir-csc/mml/laser/Interaktiivinenluokittelu_2008-2016/2016/P444/1/P4441A4.laz
removed; /proj/ogiir-csc/mml/laser/Interaktiivinenluokittelu_2008-2016/2009/T424/1/T4241B4.laz
removed; /proj/ogiir-csc/mml/laser/Interaktiivinenluokittelu_2008-2016/2009/S424/1/S4242B2.laz
removed; /proj/ogiir-csc/mml/laser/Interaktiivinenluokittelu_2008-2016/2013/N424/1/N4244B1.laz
removed; /proj/ogiir-csc/mml/laser/Interaktiivinenluokittelu_2008-2016/2009/S424/1/S4241C2.laz
removed; /proj/ogiir-csc/mml/laser/Interaktiivinenluokittelu_2008-2016/2016/P443/1/P4434A2.laz
removed; /proj/ogiir-csc/mml/laser/Interaktiivinenluokittelu_2008-2016/2016/P444/1/P4443F4.laz
removed; /proj/ogiir-csc/mml/laser/Interaktiivinenluokittelu_2008-2016/2016/P443/1/P4434B1.laz
removed; /proj/ogiir-csc/mml/laser/Interaktiivinenluokittelu_2008-2016/2016/P522/1/P5221A4.laz
removed; /proj/ogiir-csc/mml/laser/Interaktiivinenluokittelu_2008-2016/2016/P521/1/P5211B4.laz
removed; /proj/ogiir-csc/mml/laser/Interaktiivinenluokittelu_2008-2016/2009/T412/1/T4124G2.laz
removed; /proj/ogiir-csc/mml/laser/Interaktiivinenluokittelu_2008-2016/2009/T412/1/T4124E3.laz
removed; /proj/ogiir-csc/mml/laser/Interaktiivinenluokittelu_2008-2016/2016/P521/1/P5212B4.laz
removed; /proj/ogiir-csc/mml/laser/Interaktiivinenluokittelu_2008-2016/2016/P444/1/P4443H1.laz
removed; /proj/ogiir-csc/mml/laser/Interaktiivinenluokittelu_2008-2016/2016/P443/1/P4434D4.laz
removed; /proj/ogiir-csc/mml/laser/Interaktiivinenluokittelu_2008-2016/2009/S423/1/S4232D1.laz
removed; /proj/ogiir-csc/mml/laser/Interaktiivinenluokittelu_2008-2016/2009/U411/1/U4113E3.laz
removed; /proj/ogiir-csc/mml/laser/Interaktiivinenluokittelu_2008-2016/2009/S423/1/S4232D4.laz
removed; /proj/ogiir-csc/mml/laser/Interaktiivinenluokittelu_2008-2016/2016/P444/1/P4444G3.laz
removed; /proj/ogiir-csc/mml/laser/Interaktiivinenluokittelu_2008-2016/2016/P444/1/P4441G1.laz
removed; /proj/ogiir-csc/mml/laser/Interaktiivinenluokittelu_2008-2016/2016/P444/1/P4443C2.laz
removed; /proj/ogiir-csc/mml/laser/Interaktiivinenluokittelu_2008-2016/2016/P521/1/P5212A1.laz
removed; /proj/ogiir-csc/mml/laser/Interaktiivinenluokittelu_2008-2016/2009/S423/1/S4231C3.laz
removed; /proj/ogiir-csc/mml/laser/Interaktiivinenluokittelu_2008-2016/2016/P522/1/P5222B2.laz
removed; /proj/ogiir-csc/mml/laser/Interaktiivinenluokittelu_2008-2016/2013/N424/1/N4244B2.laz
removed; /proj/ogiir-csc/mml/laser/Interaktiivinenluokittelu_2008-2016/2016/P444/2/P4441F2.laz
removed; /proj/ogiir-csc/mml/laser/Interaktiivinenluokittelu_2008-2016/2009/U411/1/U4114E2.laz
removed; /proj/ogiir-csc/mml/laser/Interaktiivinenluokittelu_2008-2016/2012/T444/2/T4443F4.laz
removed; /proj/ogiir-csc/mml/laser/Interaktiivinenluokittelu_2008-2016/2009/T424/1/T4241B2.laz
removed; /proj/ogiir-csc/mml/laser/Interaktiivinenluokittelu_2008-2016/2012/T444/2/T4443E4.laz
removed; /proj/ogiir-csc/mml/laser/Interaktiivinenluokittelu_2008-2016/2009/T412/1/T4124H4.laz
removed; /proj/ogiir-csc/mml/laser/Interaktiivinenluokittelu_2008-2016/2009/U412/1/U4123E4.laz
removed; /proj/ogiir-csc/mml/laser/Interaktiivinenluokittelu_2008-2016/2016/P444/1/P4443B1.laz
removed; /proj/ogiir-csc/mml/laser/Interaktiivinenluokittelu_2008-2016/2009/T412/1/T4124E1.laz
removed; /proj/ogiir-csc/mml/laser/Interaktiivinenluokittelu_2008-2016/2016/P443/1/P4434D3.laz
removed; /proj/ogiir-csc/mml/laser/Interaktiivinenluokittelu_2008-2016/2009/S423/1/S4231D2.laz
removed; /proj/ogiir-csc/mml/laser/Interaktiivinenluokittelu_2008-2016/2009/T424/1/T4241C2.laz
removed; /proj/ogiir-csc/mml/laser/Interaktiivinenluokittelu_2008-2016/2012/T444/2/T4444C4.laz
removed; /proj/ogiir-csc/mml/laser/Interaktiivinenluokittelu_2008-2016/2012/T444/2/T4444F1.laz
removed; /proj/ogiir-csc/mml/laser/Interaktiivinenluokittelu_2008-2016/2012/T444/2/T4443G4.laz
removed; /proj/ogiir-csc/mml/laser/Interaktiivinenluokittelu_2008-2016/2016/P443/1/P4434F4.laz
removed; /proj/ogiir-csc/mml/laser/Interaktiivinenluokittelu_2008-2016/2009/T424/1/T4242A1.laz
removed; /proj/ogiir-csc/mml/laser/Interaktiivinenluokittelu_2008-2016/2009/S423/1/S4232C2.laz
removed; /proj/ogiir-csc/mml/laser/Interaktiivinenluokittelu_2008-2016/2016/P443/1/P4434G3.laz
removed; /proj/ogiir-csc/mml/laser/Interaktiivinenluokittelu_2008-2016/2016/P443/1/P4434F2.laz
removed; /proj/ogiir-csc/mml/laser/Interaktiivinenluokittelu_2008-2016/2016/P444/1/P4443C4.laz
removed; /proj/ogiir-csc/mml/laser/Interaktiivinenluokittelu_2008-2016/2012/T444/2/T4443D4.laz
removed; /proj/ogiir-csc/mml/laser/Interaktiivinenluokittelu_2008-2016/2016/P443/1/P4434C1.laz
removed; /proj/ogiir-csc/mml/laser/Interaktiivinenluokittelu_2008-2016/2016/P521/1/P5212B2.laz
removed; /proj/ogiir-csc/mml/laser/Interaktiivinenluokittelu_2008-2016/2016/P444/1/P4444C2.laz
removed; /proj/ogiir-csc/mml/laser/Interaktiivinenluokittelu_2008-2016/2016/P443/1/P4432H1.laz
removed; /proj/ogiir-csc/mml/laser/Interaktiivinenluokittelu_2008-2016/2009/U411/1/U4113F1.laz
removed; /proj/ogiir-csc/mml/laser/Interaktiivinenluokittelu_2008-2016/2016/P444/1/P4441A3.laz
removed; /proj/ogiir-csc/mml/laser/Interaktiivinenluokittelu_2008-2016/2009/T412/1/T4124E4.laz
removed; /proj/ogiir-csc/mml/laser/Interaktiivinenluokittelu_2008-2016/2012/T444/2/T4443A1.laz
removed; /proj/ogiir-csc/mml/laser/Interaktiivinenluokittelu_2008-2016/2016/P522/1/P5221B4.laz
removed; /proj/ogiir-csc/mml/laser/Interaktiivinenluokittelu_2008-2016/2012/T444/2/T4443C2.laz
removed; /proj/ogiir-csc/mml/laser/Interaktiivinenluokittelu_2008-2016/2013/N424/1/N4244A2.laz
removed; /proj/ogiir-csc/mml/laser/Interaktiivinenluokittelu_2008-2016/2016/P443/1/P4434G2.laz
removed; /proj/ogiir-csc/mml/laser/Interaktiivinenluokittelu_2008-2016/2009/T411/1/T4114E4.laz
removed; /proj/ogiir-csc/mml/laser/Interaktiivinenluokittelu_2008-2016/2009/T412/1/T4124H2.laz
removed; /proj/ogiir-csc/mml/laser/Interaktiivinenluokittelu_2008-2016/2012/T444/2/T4443D1.laz
removed; /proj/ogiir-csc/mml/laser/Interaktiivinenluokittelu_2008-2016/2016/P444/1/P4443E1.laz
removed; /proj/ogiir-csc/mml/laser/Interaktiivinenluokittelu_2008-2016/2016/P443/1/P4432F1.laz
removed; /proj/ogiir-csc/mml/laser/Interaktiivinenluokittelu_2008-2016/2016/P522/1/P5222B4.laz
removed; /proj/ogiir-csc/mml/laser/Interaktiivinenluokittelu_2008-2016/2016/P443/1/P4432C1.laz
removed; /proj/ogiir-csc/mml/laser/Interaktiivinenluokittelu_2008-2016/2016/P444/1/P4444G4.laz
removed; /proj/ogiir-csc/mml/laser/Interaktiivinenluokittelu_2008-2016/2009/T413/1/T4131A1.laz
removed; /proj/ogiir-csc/mml/laser/Interaktiivinenluokittelu_2008-2016/2016/P522/1/P5221A3.laz
removed; /proj/ogiir-csc/mml/laser/Interaktiivinenluokittelu_2008-2016/2009/S424/1/S4242A1.laz
removed; /proj/ogiir-csc/mml/laser/Interaktiivinenluokittelu_2008-2016/2016/P444/1/P4441E3.laz
removed; /proj/ogiir-csc/mml/laser/Interaktiivinenluokittelu_2008-2016/2009/T411/1/T4113F2.laz
removed; /proj/ogiir-csc/mml/laser/Interaktiivinenluokittelu_2008-2016/2016/P444/2/P4441F4.laz
removed; /proj/ogiir-csc/mml/laser/Interaktiivinenluokittelu_2008-2016/2009/T424/1/T4241A1.laz
removed; /proj/ogiir-csc/mml/laser/Interaktiivinenluokittelu_2008-2016/2009/T411/1/T4114E2.laz
removed; /proj/ogiir-csc/mml/laser/Interaktiivinenluokittelu_2008-2016/2016/P444/1/P4443A1.laz
removed; /proj/ogiir-csc/mml/laser/Interaktiivinenluokittelu_2008-2016/2016/P444/1/P4444C4.laz
removed; /proj/ogiir-csc/mml/laser/Interaktiivinenluokittelu_2008-2016/2016/P444/1/P4441B4.laz
removed; /proj/ogiir-csc/mml/laser/Interaktiivinenluokittelu_2008-2016/2012/T444/2/T4443G2.laz
removed; /proj/ogiir-csc/mml/laser/Interaktiivinenluokittelu_2008-2016/2016/P444/2/P4441G2.laz
removed; /proj/ogiir-csc/mml/laser/Interaktiivinenluokittelu_2008-2016/2016/P444/1/P4441A2.laz
removed; /proj/ogiir-csc/mml/laser/Interaktiivinenluokittelu_2008-2016/2009/T411/1/T4114E3.laz
removed; /proj/ogiir-csc/mml/laser/Interaktiivinenluokittelu_2008-2016/2012/T444/2/T4444G1.laz
removed; /proj/ogiir-csc/mml/laser/Interaktiivinenluokittelu_2008-2016/2009/S423/1/S4231C4.laz
removed; /proj/ogiir-csc/mml/laser/Interaktiivinenluokittelu_2008-2016/2009/S424/1/S4241A3.laz
removed; /proj/ogiir-csc/mml/laser/Interaktiivinenluokittelu_2008-2016/2016/P444/1/P4444E1.laz
removed; /proj/ogiir-csc/mml/laser/Interaktiivinenluokittelu_2008-2016/2016/P444/1/P4443A4.laz
removed; /proj/ogiir-csc/mml/laser/Interaktiivinenluokittelu_2008-2016/2009/T423/1/T4232B1.laz
removed; /proj/ogiir-csc/mml/laser/Interaktiivinenluokittelu_2008-2016/2012/T444/2/T4443C3.laz
removed; /proj/ogiir-csc/mml/laser/Interaktiivinenluokittelu_2008-2016/2009/S423/1/S4231C2.laz
removed; /proj/ogiir-csc/mml/laser/Interaktiivinenluokittelu_2008-2016/2016/P521/1/P5211B3.laz
removed; /proj/ogiir-csc/mml/laser/Interaktiivinenluokittelu_2008-2016/2012/T444/2/T4444B1.laz
removed; /proj/ogiir-csc/mml/laser/Interaktiivinenluokittelu_2008-2016/2016/P444/1/P4444G2.laz

